/*
Greer Goodman
Caleb Mann
Cody Light
Christopher Taylor
*/
--Inserting data into Booking table
INSERT INTO BOOKING (Event_ID,Event_Type,Description,Booking_Date,Booking_Time) VALUES (1,'non,','molestie pharetra nibh. Aliquam ornare, libero at auctor ullamcorper, nisl','2017-12-07','09:41:00');
INSERT INTO BOOKING (Event_ID,Event_Type,Description,Booking_Date,Booking_Time) VALUES (2,'Mauris','dolor dolor, tempus non, lacinia at, iaculis quis, pede. Praesent','2016-12-22','00:36:19');
INSERT INTO BOOKING (Event_ID,Event_Type,Description,Booking_Date,Booking_Time) VALUES (3,'ultrices','dictum augue malesuada malesuada. Integer id magna et ipsum cursus','2018-01-06','13:43:57');
INSERT INTO BOOKING (Event_ID,Event_Type,Description,Booking_Date,Booking_Time) VALUES (4,'turpis.','est, vitae sodales nisi magna sed dui. Fusce aliquam, enim','2017-03-18','10:27:11');
INSERT INTO BOOKING (Event_ID,Event_Type,Description,Booking_Date,Booking_Time) VALUES (5,'Cras','Fusce dolor quam, elementum at, egestas a, scelerisque sed, sapien.','2017-11-11','02:54:03');
INSERT INTO BOOKING (Event_ID,Event_Type,Description,Booking_Date,Booking_Time) VALUES (6,'et','ante lectus convallis est, vitae sodales nisi magna sed dui.','2018-05-10','20:30:43');
INSERT INTO BOOKING (Event_ID,Event_Type,Description,Booking_Date,Booking_Time) VALUES (7,'odio.','commodo at, libero. Morbi accumsan laoreet ipsum. Curabitur consequat, lectus','2018-01-10','23:56:39');
INSERT INTO BOOKING (Event_ID,Event_Type,Description,Booking_Date,Booking_Time) VALUES (8,'arcu.','ullamcorper magna. Sed eu eros. Nam consequat dolor vitae dolor.','2017-11-07','08:00:54');
INSERT INTO BOOKING (Event_ID,Event_Type,Description,Booking_Date,Booking_Time) VALUES (9,'vulputate,','consequat auctor, nunc nulla vulputate dui, nec tempus mauris erat','2018-07-01','22:00:40');
INSERT INTO BOOKING (Event_ID,Event_Type,Description,Booking_Date,Booking_Time) VALUES (10,'sociosqu','eu lacus. Quisque imperdiet, erat nonummy ultricies ornare, elit elit','2017-05-10','08:35:59');
INSERT INTO BOOKING (Event_ID,Event_Type,Description,Booking_Date,Booking_Time) VALUES (11,'Nam','mus. Aenean eget magna. Suspendisse tristique neque venenatis lacus. Etiam','2016-09-20','21:17:50');
INSERT INTO BOOKING (Event_ID,Event_Type,Description,Booking_Date,Booking_Time) VALUES (12,'dui.','nec orci. Donec nibh. Quisque nonummy ipsum non arcu. Vivamus','2016-11-01','10:49:26');
INSERT INTO BOOKING (Event_ID,Event_Type,Description,Booking_Date,Booking_Time) VALUES (13,'aliquet','vestibulum massa rutrum magna. Cras convallis convallis dolor. Quisque tincidunt','2016-10-09','11:06:55');
INSERT INTO BOOKING (Event_ID,Event_Type,Description,Booking_Date,Booking_Time) VALUES (14,'molestie','ipsum non arcu. Vivamus sit amet risus. Donec egestas. Aliquam','2017-03-08','17:49:18');
INSERT INTO BOOKING (Event_ID,Event_Type,Description,Booking_Date,Booking_Time) VALUES (15,'quis','luctus ut, pellentesque eget, dictum placerat, augue. Sed molestie. Sed','2017-01-12','17:16:14');
INSERT INTO BOOKING (Event_ID,Event_Type,Description,Booking_Date,Booking_Time) VALUES (16,'feugiat','lobortis quis, pede. Suspendisse dui. Fusce diam nunc, ullamcorper eu,','2018-03-23','11:59:40');
INSERT INTO BOOKING (Event_ID,Event_Type,Description,Booking_Date,Booking_Time) VALUES (17,'elit','Aenean sed pede nec ante blandit viverra. Donec tempus, lorem','2017-02-24','18:37:26');
INSERT INTO BOOKING (Event_ID,Event_Type,Description,Booking_Date,Booking_Time) VALUES (18,'aliquet','euismod enim. Etiam gravida molestie arcu. Sed eu nibh vulputate','2018-04-26','12:02:05');
INSERT INTO BOOKING (Event_ID,Event_Type,Description,Booking_Date,Booking_Time) VALUES (19,'Duis','egestas a, dui. Cras pellentesque. Sed dictum. Proin eget odio.','2017-02-17','06:51:59');
INSERT INTO BOOKING (Event_ID,Event_Type,Description,Booking_Date,Booking_Time) VALUES (20,'euismod','mauris sagittis placerat. Cras dictum ultricies ligula. Nullam enim. Sed','2017-01-28','00:16:12');
INSERT INTO BOOKING (Event_ID,Event_Type,Description,Booking_Date,Booking_Time) VALUES (21,'eu','est, mollis non, cursus non, egestas a, dui. Cras pellentesque.','2016-11-15','08:52:34');
INSERT INTO BOOKING (Event_ID,Event_Type,Description,Booking_Date,Booking_Time) VALUES (22,'nec','Nullam suscipit, est ac facilisis facilisis, magna tellus faucibus leo,','2018-01-10','13:18:06');
INSERT INTO BOOKING (Event_ID,Event_Type,Description,Booking_Date,Booking_Time) VALUES (23,'aliquam,','nascetur ridiculus mus. Aenean eget magna. Suspendisse tristique neque venenatis','2017-09-02','21:33:31');
INSERT INTO BOOKING (Event_ID,Event_Type,Description,Booking_Date,Booking_Time) VALUES (24,'vehicula','Donec nibh enim, gravida sit amet, dapibus id, blandit at,','2017-09-05','23:08:16');
INSERT INTO BOOKING (Event_ID,Event_Type,Description,Booking_Date,Booking_Time) VALUES (25,'leo.','tincidunt congue turpis. In condimentum. Donec at arcu. Vestibulum ante','2017-02-03','04:28:46');
INSERT INTO BOOKING (Event_ID,Event_Type,Description,Booking_Date,Booking_Time) VALUES (26,'lectus','torquent per conubia nostra, per inceptos hymenaeos. Mauris ut quam','2018-01-15','17:28:48');
INSERT INTO BOOKING (Event_ID,Event_Type,Description,Booking_Date,Booking_Time) VALUES (27,'eleifend.','et malesuada fames ac turpis egestas. Aliquam fringilla cursus purus.','2017-12-21','09:30:56');
INSERT INTO BOOKING (Event_ID,Event_Type,Description,Booking_Date,Booking_Time) VALUES (28,'amet,','ipsum. Curabitur consequat, lectus sit amet luctus vulputate, nisi sem','2017-02-14','09:18:13');
INSERT INTO BOOKING (Event_ID,Event_Type,Description,Booking_Date,Booking_Time) VALUES (29,'amet,','in, cursus et, eros. Proin ultrices. Duis volutpat nunc sit','2017-02-12','11:23:14');
INSERT INTO BOOKING (Event_ID,Event_Type,Description,Booking_Date,Booking_Time) VALUES (30,'cursus.','interdum. Curabitur dictum. Phasellus in felis. Nulla tempor augue ac','2018-05-07','17:32:46');
INSERT INTO BOOKING (Event_ID,Event_Type,Description,Booking_Date,Booking_Time) VALUES (31,'ullamcorper,','malesuada. Integer id magna et ipsum cursus vestibulum. Mauris magna.','2017-04-23','01:22:55');
INSERT INTO BOOKING (Event_ID,Event_Type,Description,Booking_Date,Booking_Time) VALUES (32,'ac,','dui nec urna suscipit nonummy. Fusce fermentum fermentum arcu. Vestibulum','2017-03-09','01:39:35');
INSERT INTO BOOKING (Event_ID,Event_Type,Description,Booking_Date,Booking_Time) VALUES (33,'cubilia','eu metus. In lorem. Donec elementum, lorem ut aliquam iaculis,','2016-10-05','10:52:29');
INSERT INTO BOOKING (Event_ID,Event_Type,Description,Booking_Date,Booking_Time) VALUES (34,'quis,','tincidunt, nunc ac mattis ornare, lectus ante dictum mi, ac','2017-10-19','17:42:43');
INSERT INTO BOOKING (Event_ID,Event_Type,Description,Booking_Date,Booking_Time) VALUES (35,'nec,','non arcu. Vivamus sit amet risus. Donec egestas. Aliquam nec','2016-12-17','00:29:31');
INSERT INTO BOOKING (Event_ID,Event_Type,Description,Booking_Date,Booking_Time) VALUES (36,'faucibus.','ultricies sem magna nec quam. Curabitur vel lectus. Cum sociis','2018-05-01','19:23:55');
INSERT INTO BOOKING (Event_ID,Event_Type,Description,Booking_Date,Booking_Time) VALUES (37,'elit.','sit amet metus. Aliquam erat volutpat. Nulla facilisis. Suspendisse commodo','2018-01-18','15:50:51');
INSERT INTO BOOKING (Event_ID,Event_Type,Description,Booking_Date,Booking_Time) VALUES (38,'non,','auctor, nunc nulla vulputate dui, nec tempus mauris erat eget','2017-04-11','05:34:28');
INSERT INTO BOOKING (Event_ID,Event_Type,Description,Booking_Date,Booking_Time) VALUES (39,'rutrum','quis, pede. Suspendisse dui. Fusce diam nunc, ullamcorper eu, euismod','2016-11-12','21:39:50');
INSERT INTO BOOKING (Event_ID,Event_Type,Description,Booking_Date,Booking_Time) VALUES (40,'diam.','lectus quis massa. Mauris vestibulum, neque sed dictum eleifend, nunc','2016-10-13','21:56:28');
INSERT INTO BOOKING (Event_ID,Event_Type,Description,Booking_Date,Booking_Time) VALUES (41,'risus.','accumsan neque et nunc. Quisque ornare tortor at risus. Nunc','2018-07-14','13:12:23');
INSERT INTO BOOKING (Event_ID,Event_Type,Description,Booking_Date,Booking_Time) VALUES (42,'quis','Integer eu lacus. Quisque imperdiet, erat nonummy ultricies ornare, elit','2017-07-16','01:42:48');
INSERT INTO BOOKING (Event_ID,Event_Type,Description,Booking_Date,Booking_Time) VALUES (43,'egestas','et netus et malesuada fames ac turpis egestas. Fusce aliquet','2018-03-24','01:10:26');
INSERT INTO BOOKING (Event_ID,Event_Type,Description,Booking_Date,Booking_Time) VALUES (44,'fermentum','lobortis, nisi nibh lacinia orci, consectetuer euismod est arcu ac','2017-03-10','09:44:25');
INSERT INTO BOOKING (Event_ID,Event_Type,Description,Booking_Date,Booking_Time) VALUES (45,'Aenean','neque venenatis lacus. Etiam bibendum fermentum metus. Aenean sed pede','2017-02-04','02:11:39');
INSERT INTO BOOKING (Event_ID,Event_Type,Description,Booking_Date,Booking_Time) VALUES (46,'Ut','ac urna. Ut tincidunt vehicula risus. Nulla eget metus eu','2017-01-03','13:59:18');
INSERT INTO BOOKING (Event_ID,Event_Type,Description,Booking_Date,Booking_Time) VALUES (47,'ligula.','auctor, nunc nulla vulputate dui, nec tempus mauris erat eget','2018-04-27','19:09:25');
INSERT INTO BOOKING (Event_ID,Event_Type,Description,Booking_Date,Booking_Time) VALUES (48,'luctus','Donec nibh. Quisque nonummy ipsum non arcu. Vivamus sit amet','2018-07-14','16:19:26');
INSERT INTO BOOKING (Event_ID,Event_Type,Description,Booking_Date,Booking_Time) VALUES (49,'consectetuer','Sed eu eros. Nam consequat dolor vitae dolor. Donec fringilla.','2017-11-21','13:09:35');
INSERT INTO BOOKING (Event_ID,Event_Type,Description,Booking_Date,Booking_Time) VALUES (50,'odio.','lacus. Ut nec urna et arcu imperdiet ullamcorper. Duis at','2017-01-06','17:06:10');
INSERT INTO BOOKING (Event_ID,Event_Type,Description,Booking_Date,Booking_Time) VALUES (51,'dictum','lectus. Nullam suscipit, est ac facilisis facilisis, magna tellus faucibus','2017-01-21','05:54:31');
--Inserting data into Address table
INSERT INTO ADDRESS (Address_ID,Street,City,State,ZIP_Code) VALUES (1,'612-2757 Aliquam St.','Springdale','AR','72791');
INSERT INTO ADDRESS (Address_ID,Street,City,State,ZIP_Code) VALUES (2,'1601 Dis St.','Waterbury','CT','86509');
INSERT INTO ADDRESS (Address_ID,Street,City,State,ZIP_Code) VALUES (3,'442 Cursus Street','Reading','PA','96366');
INSERT INTO ADDRESS (Address_ID,Street,City,State,ZIP_Code) VALUES (4,'7145 In St.','Wyoming','WY','47801');
INSERT INTO ADDRESS (Address_ID,Street,City,State,ZIP_Code) VALUES (5,'3671 Accumsan Av.','Minneapolis','MN','29990');
INSERT INTO ADDRESS (Address_ID,Street,City,State,ZIP_Code) VALUES (6,'P.O. Box 649, 7420 Quis, Av.','Bridgeport','CT','87031');
INSERT INTO ADDRESS (Address_ID,Street,City,State,ZIP_Code) VALUES (7,'9458 Imperdiet Rd.','Grand Rapids','MI','35535');
INSERT INTO ADDRESS (Address_ID,Street,City,State,ZIP_Code) VALUES (8,'3902 Et Road','Rockville','MD','35100');
INSERT INTO ADDRESS (Address_ID,Street,City,State,ZIP_Code) VALUES (9,'5024 Et Ave','Los Angeles','CA','92477');
INSERT INTO ADDRESS (Address_ID,Street,City,State,ZIP_Code) VALUES (10,'P.O. Box 246, 7477 Sapien. Road','Essex','VT','83653');
INSERT INTO ADDRESS (Address_ID,Street,City,State,ZIP_Code) VALUES (11,'3443 Dui Road','Kenosha','WI','67467');
INSERT INTO ADDRESS (Address_ID,Street,City,State,ZIP_Code) VALUES (12,'458-7664 Venenatis Rd.','Bellevue','WA','98445');
INSERT INTO ADDRESS (Address_ID,Street,City,State,ZIP_Code) VALUES (13,'P.O. Box 178, 5054 Dolor Ave','Henderson','NV','46610');
INSERT INTO ADDRESS (Address_ID,Street,City,State,ZIP_Code) VALUES (14,'535-9194 Magna. St.','Pittsburgh','PA','55731');
INSERT INTO ADDRESS (Address_ID,Street,City,State,ZIP_Code) VALUES (15,'P.O. Box 498, 6477 Nunc St.','Los Angeles','CA','91000');
INSERT INTO ADDRESS (Address_ID,Street,City,State,ZIP_Code) VALUES (16,'Ap #768-4088 Conubia Road','Biloxi','MS','98771');
INSERT INTO ADDRESS (Address_ID,Street,City,State,ZIP_Code) VALUES (17,'Ap #291-2118 In Road','Clarksville','TN','89419');
INSERT INTO ADDRESS (Address_ID,Street,City,State,ZIP_Code) VALUES (18,'4801 Proin Street','Cambridge','MA','84452');
INSERT INTO ADDRESS (Address_ID,Street,City,State,ZIP_Code) VALUES (19,'113 At, Rd.','Knoxville','TN','95718');
INSERT INTO ADDRESS (Address_ID,Street,City,State,ZIP_Code) VALUES (20,'917 Ornare, Avenue','Springdale','AR','72368');
INSERT INTO ADDRESS (Address_ID,Street,City,State,ZIP_Code) VALUES (21,'Ap #884-7687 Nunc Av.','Chattanooga','TN','73933');
INSERT INTO ADDRESS (Address_ID,Street,City,State,ZIP_Code) VALUES (22,'Ap #975-269 In Av.','Portland','OR','28153');
INSERT INTO ADDRESS (Address_ID,Street,City,State,ZIP_Code) VALUES (23,'P.O. Box 376, 5471 Volutpat St.','Atlanta','GA','55544');
INSERT INTO ADDRESS (Address_ID,Street,City,State,ZIP_Code) VALUES (24,'9066 Lorem Avenue','South Portland','ME','49898');
INSERT INTO ADDRESS (Address_ID,Street,City,State,ZIP_Code) VALUES (25,'922-3811 Eu Street','Honolulu','HI','53205');
INSERT INTO ADDRESS (Address_ID,Street,City,State,ZIP_Code) VALUES (26,'5769 Ligula Avenue','Kapolei','HI','15302');
INSERT INTO ADDRESS (Address_ID,Street,City,State,ZIP_Code) VALUES (27,'P.O. Box 206, 9210 Ipsum Av.','Sioux City','IA','86492');
INSERT INTO ADDRESS (Address_ID,Street,City,State,ZIP_Code) VALUES (28,'Ap #453-3733 Purus, Rd.','Cambridge','MA','69633');
INSERT INTO ADDRESS (Address_ID,Street,City,State,ZIP_Code) VALUES (29,'4417 Nec, Street','San Jose','CA','92891');
INSERT INTO ADDRESS (Address_ID,Street,City,State,ZIP_Code) VALUES (30,'Ap #145-1132 Iaculis Avenue','Kailua','HI','70846');
INSERT INTO ADDRESS (Address_ID,Street,City,State,ZIP_Code) VALUES (31,'P.O. Box 326, 9843 Leo. St.','Eugene','OR','20221');
INSERT INTO ADDRESS (Address_ID,Street,City,State,ZIP_Code) VALUES (32,'848-5563 Commodo Avenue','Allentown','PA','23684');
INSERT INTO ADDRESS (Address_ID,Street,City,State,ZIP_Code) VALUES (33,'6091 Scelerisque St.','Springfield','MA','22152');
INSERT INTO ADDRESS (Address_ID,Street,City,State,ZIP_Code) VALUES (34,'415-937 Lorem Ave','Flint','MI','76893');
INSERT INTO ADDRESS (Address_ID,Street,City,State,ZIP_Code) VALUES (35,'916-9417 Placerat Street','Memphis','TN','30144');
INSERT INTO ADDRESS (Address_ID,Street,City,State,ZIP_Code) VALUES (36,'Ap #934-8767 Sed St.','Saint Paul','MN','92211');
INSERT INTO ADDRESS (Address_ID,Street,City,State,ZIP_Code) VALUES (37,'Ap #240-244 Posuere St.','Billings','MT','97021');
INSERT INTO ADDRESS (Address_ID,Street,City,State,ZIP_Code) VALUES (38,'794-7220 Rutrum. Rd.','South Portland','ME','75470');
INSERT INTO ADDRESS (Address_ID,Street,City,State,ZIP_Code) VALUES (39,'813-477 Orci, Av.','Lafayette','LA','95534');
INSERT INTO ADDRESS (Address_ID,Street,City,State,ZIP_Code) VALUES (40,'P.O. Box 309, 8986 Sapien. St.','Memphis','TN','16331');
INSERT INTO ADDRESS (Address_ID,Street,City,State,ZIP_Code) VALUES (41,'9853 Quam, St.','Pike Creek','DE','52450');
INSERT INTO ADDRESS (Address_ID,Street,City,State,ZIP_Code) VALUES (42,'Ap #596-2697 Diam. Road','Springfield','IL','80481');
INSERT INTO ADDRESS (Address_ID,Street,City,State,ZIP_Code) VALUES (43,'726-1663 Lectus Street','Overland Park','KS','41771');
INSERT INTO ADDRESS (Address_ID,Street,City,State,ZIP_Code) VALUES (44,'4226 Pede. Av.','Grand Island','NE','96493');
INSERT INTO ADDRESS (Address_ID,Street,City,State,ZIP_Code) VALUES (45,'P.O. Box 959, 7577 Nisi St.','Cheyenne','WY','64023');
INSERT INTO ADDRESS (Address_ID,Street,City,State,ZIP_Code) VALUES (46,'Ap #106-5029 Etiam Ave','Augusta','ME','56031');
INSERT INTO ADDRESS (Address_ID,Street,City,State,ZIP_Code) VALUES (47,'2812 Eu Avenue','Worcester','MA','99519');
INSERT INTO ADDRESS (Address_ID,Street,City,State,ZIP_Code) VALUES (48,'1909 Vulputate, St.','Little Rock','AR','72993');
INSERT INTO ADDRESS (Address_ID,Street,City,State,ZIP_Code) VALUES (49,'515 Ac Av.','Tampa','FL','39022');
INSERT INTO ADDRESS (Address_ID,Street,City,State,ZIP_Code) VALUES (50,'168 Integer Av.','Portland','OR','32107');
INSERT INTO ADDRESS (Address_ID,Street,City,State,ZIP_Code) VALUES (51,'415-929 Magna. Avenue','Casper','WY','16376');
INSERT INTO ADDRESS (Address_ID,Street,City,State,ZIP_Code) VALUES (52,'Ap #136-9472 Enim Av.','West Jordan','UT','42543');
INSERT INTO ADDRESS (Address_ID,Street,City,State,ZIP_Code) VALUES (53,'Ap #164-3598 Sit Avenue','Paradise','NV','92656');
INSERT INTO ADDRESS (Address_ID,Street,City,State,ZIP_Code) VALUES (54,'2294 Ipsum St.','Bellevue','NE','90112');
INSERT INTO ADDRESS (Address_ID,Street,City,State,ZIP_Code) VALUES (55,'P.O. Box 977, 7497 Dolor. St.','Aurora','CO','33293');
INSERT INTO ADDRESS (Address_ID,Street,City,State,ZIP_Code) VALUES (56,'Ap #391-7748 Orci Ave','Independence','MO','10118');
INSERT INTO ADDRESS (Address_ID,Street,City,State,ZIP_Code) VALUES (57,'P.O. Box 373, 4989 Lobortis St.','Lawton','OK','41520');
INSERT INTO ADDRESS (Address_ID,Street,City,State,ZIP_Code) VALUES (58,'321-5890 Nec St.','Broken Arrow','OK','47834');
INSERT INTO ADDRESS (Address_ID,Street,City,State,ZIP_Code) VALUES (59,'Ap #207-2358 Sed Ave','San Antonio','TX','11571');
INSERT INTO ADDRESS (Address_ID,Street,City,State,ZIP_Code) VALUES (60,'P.O. Box 628, 3818 Quisque Avenue','Saint Louis','MO','75643');
INSERT INTO ADDRESS (Address_ID,Street,City,State,ZIP_Code) VALUES (61,'P.O. Box 618, 6214 Luctus St.','Jacksonville','FL','83136');
INSERT INTO ADDRESS (Address_ID,Street,City,State,ZIP_Code) VALUES (62,'P.O. Box 472, 7838 Et St.','Norfolk','VA','49960');
INSERT INTO ADDRESS (Address_ID,Street,City,State,ZIP_Code) VALUES (63,'411 In St.','San Antonio','TX','52161');
INSERT INTO ADDRESS (Address_ID,Street,City,State,ZIP_Code) VALUES (64,'Ap #770-2043 Consequat Rd.','Glendale','AZ','86659');
INSERT INTO ADDRESS (Address_ID,Street,City,State,ZIP_Code) VALUES (65,'P.O. Box 126, 5821 Rutrum Avenue','Denver','CO','17572');
INSERT INTO ADDRESS (Address_ID,Street,City,State,ZIP_Code) VALUES (66,'Ap #537-1286 Feugiat Street','Memphis','TN','98662');
INSERT INTO ADDRESS (Address_ID,Street,City,State,ZIP_Code) VALUES (67,'460-1781 At Ave','Little Rock','AR','72094');
INSERT INTO ADDRESS (Address_ID,Street,City,State,ZIP_Code) VALUES (68,'P.O. Box 423, 9577 Nunc Ave','Bridgeport','CT','80758');
INSERT INTO ADDRESS (Address_ID,Street,City,State,ZIP_Code) VALUES (69,'Ap #114-9355 At, Av.','Henderson','NV','84403');
INSERT INTO ADDRESS (Address_ID,Street,City,State,ZIP_Code) VALUES (70,'142-5337 A, Rd.','Colorado Springs','CO','64421');
INSERT INTO ADDRESS (Address_ID,Street,City,State,ZIP_Code) VALUES (71,'P.O. Box 451, 6726 Lectus St.','Columbia','MO','16387');
INSERT INTO ADDRESS (Address_ID,Street,City,State,ZIP_Code) VALUES (72,'262-4467 Eu Rd.','Stamford','CT','16607');
INSERT INTO ADDRESS (Address_ID,Street,City,State,ZIP_Code) VALUES (73,'1326 Nibh Road','Montgomery','AL','36785');
INSERT INTO ADDRESS (Address_ID,Street,City,State,ZIP_Code) VALUES (74,'4689 Orci, Av.','Montpelier','VT','44170');
INSERT INTO ADDRESS (Address_ID,Street,City,State,ZIP_Code) VALUES (75,'836-7817 Integer Road','Rockville','MD','69992');
INSERT INTO ADDRESS (Address_ID,Street,City,State,ZIP_Code) VALUES (76,'Ap #202-6683 Eleifend St.','Grand Rapids','MI','66582');
INSERT INTO ADDRESS (Address_ID,Street,City,State,ZIP_Code) VALUES (77,'638 Elit, Avenue','Portland','ME','40530');
INSERT INTO ADDRESS (Address_ID,Street,City,State,ZIP_Code) VALUES (78,'Ap #332-7303 Ante Rd.','Columbus','OH','30484');
INSERT INTO ADDRESS (Address_ID,Street,City,State,ZIP_Code) VALUES (79,'728-9655 Fusce Ave','Eugene','OR','65504');
INSERT INTO ADDRESS (Address_ID,Street,City,State,ZIP_Code) VALUES (80,'7208 Ac St.','Kenosha','WI','92923');
INSERT INTO ADDRESS (Address_ID,Street,City,State,ZIP_Code) VALUES (81,'P.O. Box 349, 7188 Mauris Road','Miami','FL','66285');
INSERT INTO ADDRESS (Address_ID,Street,City,State,ZIP_Code) VALUES (82,'931-3158 Aenean Rd.','Columbia','MD','84206');
INSERT INTO ADDRESS (Address_ID,Street,City,State,ZIP_Code) VALUES (83,'3495 Fusce Rd.','Madison','WI','77060');
INSERT INTO ADDRESS (Address_ID,Street,City,State,ZIP_Code) VALUES (84,'P.O. Box 828, 3070 Posuere Road','Tampa','FL','12551');
INSERT INTO ADDRESS (Address_ID,Street,City,State,ZIP_Code) VALUES (85,'P.O. Box 564, 8876 Quisque Avenue','Pike Creek','DE','46634');
INSERT INTO ADDRESS (Address_ID,Street,City,State,ZIP_Code) VALUES (86,'1342 Elit. St.','Stamford','CT','31562');
INSERT INTO ADDRESS (Address_ID,Street,City,State,ZIP_Code) VALUES (87,'4993 Amet Rd.','Madison','WI','91035');
INSERT INTO ADDRESS (Address_ID,Street,City,State,ZIP_Code) VALUES (88,'P.O. Box 271, 1863 Nisi Rd.','Fort Wayne','IN','68229');
INSERT INTO ADDRESS (Address_ID,Street,City,State,ZIP_Code) VALUES (89,'501-591 Vestibulum Rd.','Anchorage','AK','99840');
INSERT INTO ADDRESS (Address_ID,Street,City,State,ZIP_Code) VALUES (90,'P.O. Box 334, 187 Ornare Rd.','Kansas City','KS','42855');
INSERT INTO ADDRESS (Address_ID,Street,City,State,ZIP_Code) VALUES (91,'Ap #482-7747 Luctus. St.','Columbus','GA','21290');
INSERT INTO ADDRESS (Address_ID,Street,City,State,ZIP_Code) VALUES (92,'4904 Non, Avenue','Fort Worth','TX','92781');
INSERT INTO ADDRESS (Address_ID,Street,City,State,ZIP_Code) VALUES (93,'P.O. Box 802, 4124 Nisi. Street','Iowa City','IA','61029');
INSERT INTO ADDRESS (Address_ID,Street,City,State,ZIP_Code) VALUES (94,'643-4046 Pharetra, Ave','Sacramento','CA','91237');
INSERT INTO ADDRESS (Address_ID,Street,City,State,ZIP_Code) VALUES (95,'P.O. Box 601, 1727 Iaculis Av.','West Valley City','UT','59862');
INSERT INTO ADDRESS (Address_ID,Street,City,State,ZIP_Code) VALUES (96,'P.O. Box 667, 6529 Elementum Av.','St. Petersburg','FL','26430');
INSERT INTO ADDRESS (Address_ID,Street,City,State,ZIP_Code) VALUES (97,'614-3593 Aliquet Rd.','Newark','DE','47652');
INSERT INTO ADDRESS (Address_ID,Street,City,State,ZIP_Code) VALUES (98,'5407 Eleifend Avenue','Allentown','PA','42519');
INSERT INTO ADDRESS (Address_ID,Street,City,State,ZIP_Code) VALUES (99,'3713 Risus. Rd.','Fayetteville','AR','72045');
INSERT INTO ADDRESS (Address_ID,Street,City,State,ZIP_Code) VALUES (100,'Ap #883-1376 Velit Av.','Bozeman','MT','72689');
INSERT INTO ADDRESS (Address_ID,Street,City,State,ZIP_Code) VALUES (101,'998-3520 Ante Street','Gillette','WY','99557');
INSERT INTO ADDRESS (Address_ID,Street,City,State,ZIP_Code) VALUES (102,'5520 Ac Av.','Boise','ID','20255');
--Inserting data into Photographer table
INSERT INTO PHOTOGRAPHER (Staff_ID,Title,Event_ID,Staff_Name,Address_ID,TIMEAVAILABLE) VALUES (1,'Photographer/Owner',1,'Davis, Liz K.',1,'12-1');
INSERT INTO PHOTOGRAPHER (Staff_ID,Title,Event_ID,Staff_Name,Address_ID,TIMEAVAILABLE) VALUES (2,'Photographer',2,'Kennedy, Jared K.',2,'11-2');
INSERT INTO PHOTOGRAPHER (Staff_ID,Title,Event_ID,Staff_Name,Address_ID,TIMEAVAILABLE) VALUES (3,'Photographer',3,'Hunt, Price U.',3,'11-2');
INSERT INTO PHOTOGRAPHER (Staff_ID,Title,Event_ID,Staff_Name,Address_ID,TIMEAVAILABLE) VALUES (4,'Photographer',4,'Stephens, Joelle S.',4,'11-2');
INSERT INTO PHOTOGRAPHER (Staff_ID,Title,Event_ID,Staff_Name,Address_ID,TIMEAVAILABLE) VALUES (5,'Photographer',5,'Shepard, Kadeem R.',5,'11-2');
INSERT INTO PHOTOGRAPHER (Staff_ID,Title,Event_ID,Staff_Name,Address_ID,TIMEAVAILABLE) VALUES (6,'Photographer',6,'Rutledge, Bruno L.',6,'11-2');
INSERT INTO PHOTOGRAPHER (Staff_ID,Title,Event_ID,Staff_Name,Address_ID,TIMEAVAILABLE) VALUES (7,'Office Manager',7,'Blevins, Meredith P.',7,'11-3');
INSERT INTO PHOTOGRAPHER (Staff_ID,Title,Event_ID,Staff_Name,Address_ID,TIMEAVAILABLE) VALUES (8,'Secretary',8,'Oliver, Thane Q.',8,'11-3');

--Inserting data into Photograph table
INSERT INTO PHOTOGRAPH (Photo_ID,Staff_ID,Photo_Date,Fee,Photo_Size,Filename) VALUES (1,5,'2017-10-26','47.68',35,'magna tellus');
INSERT INTO PHOTOGRAPH (Photo_ID,Staff_ID,Photo_Date,Fee,Photo_Size,Filename) VALUES (2,5,'2017-09-22','32.84',54,'ipsum. Curabitur');
INSERT INTO PHOTOGRAPH (Photo_ID,Staff_ID,Photo_Date,Fee,Photo_Size,Filename) VALUES (3,3,'2016-09-17','4.24',78,'vehicula et,');
INSERT INTO PHOTOGRAPH (Photo_ID,Staff_ID,Photo_Date,Fee,Photo_Size,Filename) VALUES (4,2,'2016-11-08','28.78',52,'laoreet ipsum.');
INSERT INTO PHOTOGRAPH (Photo_ID,Staff_ID,Photo_Date,Fee,Photo_Size,Filename) VALUES (5,4,'2018-04-08','97.89',39,'semper cursus.');
INSERT INTO PHOTOGRAPH (Photo_ID,Staff_ID,Photo_Date,Fee,Photo_Size,Filename) VALUES (6,2,'2017-12-14','11.08',68,'velit. Sed');
INSERT INTO PHOTOGRAPH (Photo_ID,Staff_ID,Photo_Date,Fee,Photo_Size,Filename) VALUES (7,6,'2017-12-28','21.08',13,'natoque penatibus');
INSERT INTO PHOTOGRAPH (Photo_ID,Staff_ID,Photo_Date,Fee,Photo_Size,Filename) VALUES (8,5,'2017-12-11','0.52',92,'placerat, augue.');
INSERT INTO PHOTOGRAPH (Photo_ID,Staff_ID,Photo_Date,Fee,Photo_Size,Filename) VALUES (9,3,'2017-11-27','69.02',63,'blandit viverra.');
INSERT INTO PHOTOGRAPH (Photo_ID,Staff_ID,Photo_Date,Fee,Photo_Size,Filename) VALUES (10,4,'2018-05-06','10.40',66,'Cras convallis');
INSERT INTO PHOTOGRAPH (Photo_ID,Staff_ID,Photo_Date,Fee,Photo_Size,Filename) VALUES (11,3,'2018-04-18','15.45',54,'tincidunt congue');
INSERT INTO PHOTOGRAPH (Photo_ID,Staff_ID,Photo_Date,Fee,Photo_Size,Filename) VALUES (12,1,'2017-06-03','28.59',50,'turpis. Nulla');
INSERT INTO PHOTOGRAPH (Photo_ID,Staff_ID,Photo_Date,Fee,Photo_Size,Filename) VALUES (13,2,'2017-03-21','32.85',30,'feugiat nec,');
INSERT INTO PHOTOGRAPH (Photo_ID,Staff_ID,Photo_Date,Fee,Photo_Size,Filename) VALUES (14,3,'2016-09-20','56.92',68,'pede. Praesent');
INSERT INTO PHOTOGRAPH (Photo_ID,Staff_ID,Photo_Date,Fee,Photo_Size,Filename) VALUES (15,4,'2017-11-26','97.64',98,'ipsum. Suspendisse');
INSERT INTO PHOTOGRAPH (Photo_ID,Staff_ID,Photo_Date,Fee,Photo_Size,Filename) VALUES (16,6,'2017-06-09','89.69',69,'consectetuer ipsum');
INSERT INTO PHOTOGRAPH (Photo_ID,Staff_ID,Photo_Date,Fee,Photo_Size,Filename) VALUES (17,6,'2016-09-18','17.96',94,'non enim.');
INSERT INTO PHOTOGRAPH (Photo_ID,Staff_ID,Photo_Date,Fee,Photo_Size,Filename) VALUES (18,6,'2017-01-18','71.11',62,'Etiam gravida');
INSERT INTO PHOTOGRAPH (Photo_ID,Staff_ID,Photo_Date,Fee,Photo_Size,Filename) VALUES (19,4,'2018-07-12','90.68',54,'Morbi metus.');
INSERT INTO PHOTOGRAPH (Photo_ID,Staff_ID,Photo_Date,Fee,Photo_Size,Filename) VALUES (20,2,'2018-03-10','28.38',43,'et, lacinia');
INSERT INTO PHOTOGRAPH (Photo_ID,Staff_ID,Photo_Date,Fee,Photo_Size,Filename) VALUES (21,3,'2017-09-27','52.35',56,'ut, pellentesque');
INSERT INTO PHOTOGRAPH (Photo_ID,Staff_ID,Photo_Date,Fee,Photo_Size,Filename) VALUES (22,1,'2017-10-09','67.29',40,'nisl. Maecenas');
INSERT INTO PHOTOGRAPH (Photo_ID,Staff_ID,Photo_Date,Fee,Photo_Size,Filename) VALUES (23,2,'2017-08-25','95.34',17,'vitae purus');
INSERT INTO PHOTOGRAPH (Photo_ID,Staff_ID,Photo_Date,Fee,Photo_Size,Filename) VALUES (24,4,'2017-03-23','26.17',44,'risus. Quisque');
INSERT INTO PHOTOGRAPH (Photo_ID,Staff_ID,Photo_Date,Fee,Photo_Size,Filename) VALUES (25,5,'2016-09-26','65.99',64,'Curabitur ut');
INSERT INTO PHOTOGRAPH (Photo_ID,Staff_ID,Photo_Date,Fee,Photo_Size,Filename) VALUES (26,6,'2017-08-11','1.57',68,'Morbi neque');
INSERT INTO PHOTOGRAPH (Photo_ID,Staff_ID,Photo_Date,Fee,Photo_Size,Filename) VALUES (27,6,'2017-11-10','29.69',78,'ligula. Aliquam');
INSERT INTO PHOTOGRAPH (Photo_ID,Staff_ID,Photo_Date,Fee,Photo_Size,Filename) VALUES (28,5,'2017-07-31','5.72',81,'ultrices sit');
INSERT INTO PHOTOGRAPH (Photo_ID,Staff_ID,Photo_Date,Fee,Photo_Size,Filename) VALUES (29,5,'2018-05-09','56.23',89,'imperdiet ullamcorper.');
INSERT INTO PHOTOGRAPH (Photo_ID,Staff_ID,Photo_Date,Fee,Photo_Size,Filename) VALUES (30,4,'2018-03-28','9.80',17,'id, mollis');
INSERT INTO PHOTOGRAPH (Photo_ID,Staff_ID,Photo_Date,Fee,Photo_Size,Filename) VALUES (31,3,'2018-01-26','44.91',92,'sem magna');
INSERT INTO PHOTOGRAPH (Photo_ID,Staff_ID,Photo_Date,Fee,Photo_Size,Filename) VALUES (32,1,'2016-12-20','82.53',13,'ante blandit');
INSERT INTO PHOTOGRAPH (Photo_ID,Staff_ID,Photo_Date,Fee,Photo_Size,Filename) VALUES (33,2,'2017-02-22','80.31',38,'augue ac');
INSERT INTO PHOTOGRAPH (Photo_ID,Staff_ID,Photo_Date,Fee,Photo_Size,Filename) VALUES (34,3,'2017-03-17','22.93',43,'non nisi.');
INSERT INTO PHOTOGRAPH (Photo_ID,Staff_ID,Photo_Date,Fee,Photo_Size,Filename) VALUES (35,4,'2017-03-16','98.12',96,'Aliquam vulputate');
INSERT INTO PHOTOGRAPH (Photo_ID,Staff_ID,Photo_Date,Fee,Photo_Size,Filename) VALUES (36,5,'2018-04-11','25.79',57,'Morbi accumsan');
INSERT INTO PHOTOGRAPH (Photo_ID,Staff_ID,Photo_Date,Fee,Photo_Size,Filename) VALUES (37,6,'2017-03-25','83.18',31,'Phasellus libero');
INSERT INTO PHOTOGRAPH (Photo_ID,Staff_ID,Photo_Date,Fee,Photo_Size,Filename) VALUES (38,4,'2016-08-22','84.47',88,'velit justo');
INSERT INTO PHOTOGRAPH (Photo_ID,Staff_ID,Photo_Date,Fee,Photo_Size,Filename) VALUES (39,4,'2018-06-26','3.81',62,'metus. In');
INSERT INTO PHOTOGRAPH (Photo_ID,Staff_ID,Photo_Date,Fee,Photo_Size,Filename) VALUES (40,3,'2017-09-18','65.23',46,'mattis velit');
INSERT INTO PHOTOGRAPH (Photo_ID,Staff_ID,Photo_Date,Fee,Photo_Size,Filename) VALUES (41,1,'2017-10-01','71.90',92,'dictum mi,');
INSERT INTO PHOTOGRAPH (Photo_ID,Staff_ID,Photo_Date,Fee,Photo_Size,Filename) VALUES (42,2,'2017-03-31','75.98',10,'Etiam gravida');
INSERT INTO PHOTOGRAPH (Photo_ID,Staff_ID,Photo_Date,Fee,Photo_Size,Filename) VALUES (43,1,'2017-08-21','44.07',53,'felis ullamcorper');
INSERT INTO PHOTOGRAPH (Photo_ID,Staff_ID,Photo_Date,Fee,Photo_Size,Filename) VALUES (44,2,'2018-05-20','19.94',16,'magna. Duis');
INSERT INTO PHOTOGRAPH (Photo_ID,Staff_ID,Photo_Date,Fee,Photo_Size,Filename) VALUES (45,3,'2017-09-15','36.75',57,'enim. Curabitur');
INSERT INTO PHOTOGRAPH (Photo_ID,Staff_ID,Photo_Date,Fee,Photo_Size,Filename) VALUES (46,4,'2018-01-25','89.81',75,'consectetuer adipiscing');
INSERT INTO PHOTOGRAPH (Photo_ID,Staff_ID,Photo_Date,Fee,Photo_Size,Filename) VALUES (47,5,'2016-12-08','60.30',44,'laoreet lectus');
INSERT INTO PHOTOGRAPH (Photo_ID,Staff_ID,Photo_Date,Fee,Photo_Size,Filename) VALUES (48,6,'2017-12-02','87.00',32,'sed, sapien.');
INSERT INTO PHOTOGRAPH (Photo_ID,Staff_ID,Photo_Date,Fee,Photo_Size,Filename) VALUES (49,6,'2018-06-06','62.44',76,'rutrum urna,');
INSERT INTO PHOTOGRAPH (Photo_ID,Staff_ID,Photo_Date,Fee,Photo_Size,Filename) VALUES (50,1,'2016-11-11','74.27',44,'sem semper');
INSERT INTO PHOTOGRAPH (Photo_ID,Staff_ID,Photo_Date,Fee,Photo_Size,Filename) VALUES (51,2,'2017-06-11','55.28',13,'odio a');
--Inserting data into Package Order table
INSERT INTO PACKAGE_ORDER (ORDER_ID,PHOTO_ID,PACKAGE_NAME,PACKAGE_PRICE,QUANTITY) VALUES (26,1,'Halee, April, Lavinia, Grady','$27.03',3);
INSERT INTO PACKAGE_ORDER (ORDER_ID,PHOTO_ID,PACKAGE_NAME,PACKAGE_PRICE,QUANTITY) VALUES (27,2,'Regina, Benjamin, Ashton, Jillian','$29.54',1);
INSERT INTO PACKAGE_ORDER (ORDER_ID,PHOTO_ID,PACKAGE_NAME,PACKAGE_PRICE,QUANTITY) VALUES (28,3,'Ray, Vladimir, Cathleen, Tana','$36.33',10);
INSERT INTO PACKAGE_ORDER (ORDER_ID,PHOTO_ID,PACKAGE_NAME,PACKAGE_PRICE,QUANTITY) VALUES (29,4,'Molly, Ignatius, Teegan, Noble','$29.97',10);
INSERT INTO PACKAGE_ORDER (ORDER_ID,PHOTO_ID,PACKAGE_NAME,PACKAGE_PRICE,QUANTITY) VALUES (30,5,'Gary, Pandora, Kaden, Benedict','$48.72',8);
INSERT INTO PACKAGE_ORDER (ORDER_ID,PHOTO_ID,PACKAGE_NAME,PACKAGE_PRICE,QUANTITY) VALUES (31,6,'Josephine, Casey, Malik, Jessamine','$90.77',1);
INSERT INTO PACKAGE_ORDER (ORDER_ID,PHOTO_ID,PACKAGE_NAME,PACKAGE_PRICE,QUANTITY) VALUES (32,7,'Katell, Cruz, Cara, Vanna','$95.32',6);
INSERT INTO PACKAGE_ORDER (ORDER_ID,PHOTO_ID,PACKAGE_NAME,PACKAGE_PRICE,QUANTITY) VALUES (33,8,'Nomlanga, Beverly, Nyssa, Anthony','$35.76',2);
INSERT INTO PACKAGE_ORDER (ORDER_ID,PHOTO_ID,PACKAGE_NAME,PACKAGE_PRICE,QUANTITY) VALUES (34,9,'Nola, Geoffrey, Farrah, Raymond','$87.05',8);
INSERT INTO PACKAGE_ORDER (ORDER_ID,PHOTO_ID,PACKAGE_NAME,PACKAGE_PRICE,QUANTITY) VALUES (35,10,'Hadassah, Ingrid, Myles, Amanda','$29.76',8);
INSERT INTO PACKAGE_ORDER (ORDER_ID,PHOTO_ID,PACKAGE_NAME,PACKAGE_PRICE,QUANTITY) VALUES (36,11,'Kasimir, George, Dai, Pamela','$16.91',2);
INSERT INTO PACKAGE_ORDER (ORDER_ID,PHOTO_ID,PACKAGE_NAME,PACKAGE_PRICE,QUANTITY) VALUES (37,12,'Harriet, Stuart, Chava, Yoko','$2.61',7);
INSERT INTO PACKAGE_ORDER (ORDER_ID,PHOTO_ID,PACKAGE_NAME,PACKAGE_PRICE,QUANTITY) VALUES (38,13,'Jerome, Brittany, Frances, Clinton','$88.05',7);
INSERT INTO PACKAGE_ORDER (ORDER_ID,PHOTO_ID,PACKAGE_NAME,PACKAGE_PRICE,QUANTITY) VALUES (39,14,'Dorothy, Illiana, Shoshana, Colby','$80.77',4);
INSERT INTO PACKAGE_ORDER (ORDER_ID,PHOTO_ID,PACKAGE_NAME,PACKAGE_PRICE,QUANTITY) VALUES (40,15,'Harding, Blossom, Leslie, Marny','$22.59',9);
INSERT INTO PACKAGE_ORDER (ORDER_ID,PHOTO_ID,PACKAGE_NAME,PACKAGE_PRICE,QUANTITY) VALUES (41,16,'Zephr, Amity, Mia, Cairo','$17.46',8);
INSERT INTO PACKAGE_ORDER (ORDER_ID,PHOTO_ID,PACKAGE_NAME,PACKAGE_PRICE,QUANTITY) VALUES (42,17,'Anastasia, Jillian, Phoebe, Jamal','$93.89',3);
INSERT INTO PACKAGE_ORDER (ORDER_ID,PHOTO_ID,PACKAGE_NAME,PACKAGE_PRICE,QUANTITY) VALUES (43,18,'Martina, Ulysses, Cally, Malachi','$72.82',4);
INSERT INTO PACKAGE_ORDER (ORDER_ID,PHOTO_ID,PACKAGE_NAME,PACKAGE_PRICE,QUANTITY) VALUES (44,19,'Mariko, Janna, Martha, Paloma','$5.74',2);
INSERT INTO PACKAGE_ORDER (ORDER_ID,PHOTO_ID,PACKAGE_NAME,PACKAGE_PRICE,QUANTITY) VALUES (45,20,'Victor, Chelsea, Brady, Brooke','$21.17',6);
INSERT INTO PACKAGE_ORDER (ORDER_ID,PHOTO_ID,PACKAGE_NAME,PACKAGE_PRICE,QUANTITY) VALUES (46,21,'Jasper, Nissim, Riley, Wylie','$92.19',2);
INSERT INTO PACKAGE_ORDER (ORDER_ID,PHOTO_ID,PACKAGE_NAME,PACKAGE_PRICE,QUANTITY) VALUES (47,22,'Kennedy, Igor, Ursa, Rogan','$32.93',3);
INSERT INTO PACKAGE_ORDER (ORDER_ID,PHOTO_ID,PACKAGE_NAME,PACKAGE_PRICE,QUANTITY) VALUES (48,23,'Lydia, Sheila, Maite, Idola','$75.05',4);
INSERT INTO PACKAGE_ORDER (ORDER_ID,PHOTO_ID,PACKAGE_NAME,PACKAGE_PRICE,QUANTITY) VALUES (49,24,'Melissa, Heidi, Jessamine, Brynn','$19.73',5);
INSERT INTO PACKAGE_ORDER (ORDER_ID,PHOTO_ID,PACKAGE_NAME,PACKAGE_PRICE,QUANTITY) VALUES (50,25,'Bruno, Reed, Taylor, Lester','$15.64',5);
INSERT INTO PACKAGE_ORDER (ORDER_ID,PHOTO_ID,PACKAGE_NAME,PACKAGE_PRICE,QUANTITY) VALUES (51,26,'Ignatius, Doris, Dylan, Mira','$1.79',10);
INSERT INTO PACKAGE_ORDER (ORDER_ID,PHOTO_ID,PACKAGE_NAME,PACKAGE_PRICE,QUANTITY) VALUES (52,27,'Arden, Quon, Maxwell, Aidan','$50.18',7);
INSERT INTO PACKAGE_ORDER (ORDER_ID,PHOTO_ID,PACKAGE_NAME,PACKAGE_PRICE,QUANTITY) VALUES (53,28,'Walker, Ashton, Brett, Velma','$54.24',2);
INSERT INTO PACKAGE_ORDER (ORDER_ID,PHOTO_ID,PACKAGE_NAME,PACKAGE_PRICE,QUANTITY) VALUES (54,29,'Carolyn, Jamalia, TaShya, Baker','$89.29',7);
INSERT INTO PACKAGE_ORDER (ORDER_ID,PHOTO_ID,PACKAGE_NAME,PACKAGE_PRICE,QUANTITY) VALUES (55,30,'Kareem, Nissim, Avye, Edward','$4.36',2);
INSERT INTO PACKAGE_ORDER (ORDER_ID,PHOTO_ID,PACKAGE_NAME,PACKAGE_PRICE,QUANTITY) VALUES (56,31,'Keith, Rhiannon, Wing, Emmanuel','$24.20',1);
INSERT INTO PACKAGE_ORDER (ORDER_ID,PHOTO_ID,PACKAGE_NAME,PACKAGE_PRICE,QUANTITY) VALUES (57,32,'Isabelle, Garrett, Oliver, Mira','$68.73',4);
INSERT INTO PACKAGE_ORDER (ORDER_ID,PHOTO_ID,PACKAGE_NAME,PACKAGE_PRICE,QUANTITY) VALUES (58,33,'Paula, Tanner, Harper, Samantha','$37.70',8);
INSERT INTO PACKAGE_ORDER (ORDER_ID,PHOTO_ID,PACKAGE_NAME,PACKAGE_PRICE,QUANTITY) VALUES (59,34,'Nita, Justina, Ima, Jordan','$96.75',6);
INSERT INTO PACKAGE_ORDER (ORDER_ID,PHOTO_ID,PACKAGE_NAME,PACKAGE_PRICE,QUANTITY) VALUES (60,35,'Quemby, Hiroko, Quin, Cameron','$66.71',1);
INSERT INTO PACKAGE_ORDER (ORDER_ID,PHOTO_ID,PACKAGE_NAME,PACKAGE_PRICE,QUANTITY) VALUES (61,36,'Patrick, Charlotte, Nehru, Zeph','$13.16',1);
INSERT INTO PACKAGE_ORDER (ORDER_ID,PHOTO_ID,PACKAGE_NAME,PACKAGE_PRICE,QUANTITY) VALUES (62,37,'Quyn, Dahlia, Imogene, Ray','$77.41',10);
INSERT INTO PACKAGE_ORDER (ORDER_ID,PHOTO_ID,PACKAGE_NAME,PACKAGE_PRICE,QUANTITY) VALUES (63,38,'Colorado, Brenda, Zorita, Erica','$24.99',6);
INSERT INTO PACKAGE_ORDER (ORDER_ID,PHOTO_ID,PACKAGE_NAME,PACKAGE_PRICE,QUANTITY) VALUES (64,39,'Kieran, Caryn, Amethyst, Bryar','$3.65',4);
INSERT INTO PACKAGE_ORDER (ORDER_ID,PHOTO_ID,PACKAGE_NAME,PACKAGE_PRICE,QUANTITY) VALUES (65,40,'Idona, Jason, Octavius, Shaeleigh','$16.22',2);
INSERT INTO PACKAGE_ORDER (ORDER_ID,PHOTO_ID,PACKAGE_NAME,PACKAGE_PRICE,QUANTITY) VALUES (66,41,'Nola, Gareth, Dai, Malachi','$85.56',9);
INSERT INTO PACKAGE_ORDER (ORDER_ID,PHOTO_ID,PACKAGE_NAME,PACKAGE_PRICE,QUANTITY) VALUES (67,42,'Graiden, Jessica, Stephen, Jackson','$92.40',8);
INSERT INTO PACKAGE_ORDER (ORDER_ID,PHOTO_ID,PACKAGE_NAME,PACKAGE_PRICE,QUANTITY) VALUES (68,43,'Aiko, Gage, Chava, Emerald','$5.06',5);
INSERT INTO PACKAGE_ORDER (ORDER_ID,PHOTO_ID,PACKAGE_NAME,PACKAGE_PRICE,QUANTITY) VALUES (69,44,'Shellie, Melvin, Breanna, Ashton','$28.08',8);
INSERT INTO PACKAGE_ORDER (ORDER_ID,PHOTO_ID,PACKAGE_NAME,PACKAGE_PRICE,QUANTITY) VALUES (70,45,'Omar, Avye, Karly, Ezekiel','$14.60',3);
INSERT INTO PACKAGE_ORDER (ORDER_ID,PHOTO_ID,PACKAGE_NAME,PACKAGE_PRICE,QUANTITY) VALUES (71,46,'Sylvester, Clio, Raven, Georgia','$19.11',9);
INSERT INTO PACKAGE_ORDER (ORDER_ID,PHOTO_ID,PACKAGE_NAME,PACKAGE_PRICE,QUANTITY) VALUES (72,47,'Hilda, Russell, Oleg, Carlos','$95.48',7);
INSERT INTO PACKAGE_ORDER (ORDER_ID,PHOTO_ID,PACKAGE_NAME,PACKAGE_PRICE,QUANTITY) VALUES (73,48,'Curran, Russell, Ivory, Violet','$69.79',8);
INSERT INTO PACKAGE_ORDER (ORDER_ID,PHOTO_ID,PACKAGE_NAME,PACKAGE_PRICE,QUANTITY) VALUES (74,49,'Baxter, Beverly, Leilani, Larissa','$84.11',1);
INSERT INTO PACKAGE_ORDER (ORDER_ID,PHOTO_ID,PACKAGE_NAME,PACKAGE_PRICE,QUANTITY) VALUES (75,50,'Madaline, Ramona, Dylan, Lucy','$56.04',5);
INSERT INTO PACKAGE_ORDER (ORDER_ID,PHOTO_ID,PACKAGE_NAME,PACKAGE_PRICE,QUANTITY) VALUES (76,51,'Nevada, Uta, Rhonda, Hayley','$67.00',1);
--Inserting data into Client table
INSERT INTO CLIENT (Client_ID,Order_ID,Client_Name,Client_Email,Address_ID) VALUES (1,26,'Wilkinson, Sopoline A.','Aliquam@vitaesemperegestas.net',52);
INSERT INTO CLIENT (Client_ID,Order_ID,Client_Name,Client_Email,Address_ID) VALUES (2,27,'Wilder, Willa X.','vitae.risus.Duis@consequatlectus.com',53);
INSERT INTO CLIENT (Client_ID,Order_ID,Client_Name,Client_Email,Address_ID) VALUES (3,28,'Blackwell, Jared C.','Aliquam@pellentesque.com',54);
INSERT INTO CLIENT (Client_ID,Order_ID,Client_Name,Client_Email,Address_ID) VALUES (4,29,'Gomez, Hu F.','sollicitudin.ligula@Donec.co.uk',55);
INSERT INTO CLIENT (Client_ID,Order_ID,Client_Name,Client_Email,Address_ID) VALUES (5,30,'Macias, Erich L.','Mauris.blandit.enim@augueeu.co.uk',56);
INSERT INTO CLIENT (Client_ID,Order_ID,Client_Name,Client_Email,Address_ID) VALUES (6,31,'Rose, Myra I.','Donec.luctus@nibhDonec.ca',57);
INSERT INTO CLIENT (Client_ID,Order_ID,Client_Name,Client_Email,Address_ID) VALUES (7,32,'Savage, Kaye R.','dui@diamSed.org',58);
INSERT INTO CLIENT (Client_ID,Order_ID,Client_Name,Client_Email,Address_ID) VALUES (8,33,'Drake, Vivien A.','dapibus.id@ut.edu',59);
INSERT INTO CLIENT (Client_ID,Order_ID,Client_Name,Client_Email,Address_ID) VALUES (9,34,'Blevins, Azalia W.','Phasellus@commodotincidunt.co.uk',60);
INSERT INTO CLIENT (Client_ID,Order_ID,Client_Name,Client_Email,Address_ID) VALUES (10,35,'Haley, Edward T.','dui@Nam.edu',61);
INSERT INTO CLIENT (Client_ID,Order_ID,Client_Name,Client_Email,Address_ID) VALUES (11,36,'Padilla, Quon O.','tristique@Quisque.com',62);
INSERT INTO CLIENT (Client_ID,Order_ID,Client_Name,Client_Email,Address_ID) VALUES (12,37,'Bentley, Raya B.','varius@congueturpis.com',63);
INSERT INTO CLIENT (Client_ID,Order_ID,Client_Name,Client_Email,Address_ID) VALUES (13,38,'Cash, Candace I.','amet@purusmaurisa.org',64);
INSERT INTO CLIENT (Client_ID,Order_ID,Client_Name,Client_Email,Address_ID) VALUES (14,39,'Mckinney, Gwendolyn R.','Morbi.sit@euismodenimEtiam.net',65);
INSERT INTO CLIENT (Client_ID,Order_ID,Client_Name,Client_Email,Address_ID) VALUES (15,40,'Sharpe, Madeson V.','tempor.arcu.Vestibulum@luctus.ca',66);
INSERT INTO CLIENT (Client_ID,Order_ID,Client_Name,Client_Email,Address_ID) VALUES (16,41,'Stanley, Constance K.','ac@orciconsectetuer.edu',67);
INSERT INTO CLIENT (Client_ID,Order_ID,Client_Name,Client_Email,Address_ID) VALUES (17,42,'Ramirez, Melanie E.','ligula.rhoncus@condimen.org',68);
INSERT INTO CLIENT (Client_ID,Order_ID,Client_Name,Client_Email,Address_ID) VALUES (18,43,'Holloway, Griffith H.','Vestibulum.ante@nondapibusrutrum.com',69);
INSERT INTO CLIENT (Client_ID,Order_ID,Client_Name,Client_Email,Address_ID) VALUES (19,44,'Branch, Clare U.','ultricies.dignissim.lacus@sed.com',70);
INSERT INTO CLIENT (Client_ID,Order_ID,Client_Name,Client_Email,Address_ID) VALUES (20,45,'Hurst, Maia P.','rutrum.urna@ipsumleo.edu',71);
INSERT INTO CLIENT (Client_ID,Order_ID,Client_Name,Client_Email,Address_ID) VALUES (21,46,'Mcgowan, Mira D.','vitae.aliquam@nunc.ca',72);
INSERT INTO CLIENT (Client_ID,Order_ID,Client_Name,Client_Email,Address_ID) VALUES (22,47,'Wiley, Keegan H.','Cras@duiinsodales.net',73);
INSERT INTO CLIENT (Client_ID,Order_ID,Client_Name,Client_Email,Address_ID) VALUES (23,48,'Long, Sade G.','adipiscing@nuncrisius.com',74);
INSERT INTO CLIENT (Client_ID,Order_ID,Client_Name,Client_Email,Address_ID) VALUES (24,49,'Mercado, Maite K.','rutrum.Fusce.dolor@orciDonecnibh.edu',75);
INSERT INTO CLIENT (Client_ID,Order_ID,Client_Name,Client_Email,Address_ID) VALUES (25,50,'Merrill, Casey X.','molestie@Cumsociis.com',76);
INSERT INTO CLIENT (Client_ID,Order_ID,Client_Name,Client_Email,Address_ID) VALUES (26,51,'Carpenter, Tyler B.','feugiat.tellus@tinciduntduiaugue.co.uk',77);
INSERT INTO CLIENT (Client_ID,Order_ID,Client_Name,Client_Email,Address_ID) VALUES (27,52,'Foley, Allen E.','eu@Morbinequetellus.com',78);
INSERT INTO CLIENT (Client_ID,Order_ID,Client_Name,Client_Email,Address_ID) VALUES (28,53,'Marquez, Devin S.','quis@orci.com',79);
INSERT INTO CLIENT (Client_ID,Order_ID,Client_Name,Client_Email,Address_ID) VALUES (29,54,'Lara, Bradley R.','ultricies.dignissim@gravida.edu',80);
INSERT INTO CLIENT (Client_ID,Order_ID,Client_Name,Client_Email,Address_ID) VALUES (30,55,'Hart, Simone Y.','dapibus.ligula.Aliquam@malesuada.net',81);
INSERT INTO CLIENT (Client_ID,Order_ID,Client_Name,Client_Email,Address_ID) VALUES (31,56,'Harrell, Kuame I.','tincidunt@fames.ca',82);
INSERT INTO CLIENT (Client_ID,Order_ID,Client_Name,Client_Email,Address_ID) VALUES (32,57,'Benjamin, Gwendolyn C.','penatibus.et@utmolestie.com',83);
INSERT INTO CLIENT (Client_ID,Order_ID,Client_Name,Client_Email,Address_ID) VALUES (33,58,'Levy, Holmes A.','Suspendisse@nec.ca',84);
INSERT INTO CLIENT (Client_ID,Order_ID,Client_Name,Client_Email,Address_ID) VALUES (34,59,'Cherry, Ariana V.','vulputate@tinciduntal.com',85);
INSERT INTO CLIENT (Client_ID,Order_ID,Client_Name,Client_Email,Address_ID) VALUES (35,60,'Young, Bell M.','faucibus.Morbi@vestibulumnec.edu',86);
INSERT INTO CLIENT (Client_ID,Order_ID,Client_Name,Client_Email,Address_ID) VALUES (36,61,'Pierce, Declan W.','Quisque.ornare.tortor@eumetus.org',87);
INSERT INTO CLIENT (Client_ID,Order_ID,Client_Name,Client_Email,Address_ID) VALUES (37,62,'Gill, Sierra I.','tellus@Namporttitorscelerisque.com',88);
INSERT INTO CLIENT (Client_ID,Order_ID,Client_Name,Client_Email,Address_ID) VALUES (38,63,'Bush, Kasimir S.','Pellentesque.ut@enimSednulla.ca',89);
INSERT INTO CLIENT (Client_ID,Order_ID,Client_Name,Client_Email,Address_ID) VALUES (39,64,'Duran, Brennan S.','a.arcu@semmagna.ca',90);
INSERT INTO CLIENT (Client_ID,Order_ID,Client_Name,Client_Email,Address_ID) VALUES (40,65,'Welch, Jordan I.','erat.volutpat.Nulla@ipsumnonarcu.org',91);
INSERT INTO CLIENT (Client_ID,Order_ID,Client_Name,Client_Email,Address_ID) VALUES (41,66,'Holcomb, Wyoming T.','elit.pharetra@laciniavitae.co.uk',92);
INSERT INTO CLIENT (Client_ID,Order_ID,Client_Name,Client_Email,Address_ID) VALUES (42,67,'Oneill, Dora Z.','lorem@nequesed.org',93);
INSERT INTO CLIENT (Client_ID,Order_ID,Client_Name,Client_Email,Address_ID) VALUES (43,68,'Sullivan, Richard T.','gravida.non@ametrisusDonec.com',94);
INSERT INTO CLIENT (Client_ID,Order_ID,Client_Name,Client_Email,Address_ID) VALUES (44,69,'Ryan, Cyrus O.','dui.semper.et@urnaNuncquis.edu',95);
INSERT INTO CLIENT (Client_ID,Order_ID,Client_Name,Client_Email,Address_ID) VALUES (45,70,'Bryant, Eugenia Q.','Cras.vulputate@idliberoDonec.co.uk',96);
INSERT INTO CLIENT (Client_ID,Order_ID,Client_Name,Client_Email,Address_ID) VALUES (46,71,'Kaufman, Aurora A.','pede.Cras.vulputate@enimMauris.net',97);
INSERT INTO CLIENT (Client_ID,Order_ID,Client_Name,Client_Email,Address_ID) VALUES (47,72,'Foster, Dorothy P.','ac.urna.Ut@Nam.edu',98);
INSERT INTO CLIENT (Client_ID,Order_ID,Client_Name,Client_Email,Address_ID) VALUES (48,73,'Bender, Drake Q.','sit.amet@ullamcorpermagna.co.uk',99);
INSERT INTO CLIENT (Client_ID,Order_ID,Client_Name,Client_Email,Address_ID) VALUES (49,74,'Norris, Doris S.','iaculis@malesuada.org',100);
INSERT INTO CLIENT (Client_ID,Order_ID,Client_Name,Client_Email,Address_ID) VALUES (50,75,'Wise, Marvin R.','Curabitur.dictum@ligulatortor.com',101);
INSERT INTO CLIENT (Client_ID,Order_ID,Client_Name,Client_Email,Address_ID) VALUES (51,76,'Ward, Uma Z.','tristique@vitae.co.uk',102);
--Inserting data into Contract table
INSERT INTO CONTRACT (CONTRACT_ID,EVENT_ID,CLIENT_ID,LOCATION,SERVICE_DATE,SERVICE_TIME,PHOTOGRAPHER_ID,DEPOSIT) VALUES (1,1,1,'Ap #295-6549 Sodales Ave','2017-11-10','11:02:50',2,31);
INSERT INTO CONTRACT (CONTRACT_ID,EVENT_ID,CLIENT_ID,LOCATION,SERVICE_DATE,SERVICE_TIME,PHOTOGRAPHER_ID,DEPOSIT) VALUES (2,2,2,'8279 Quisque St.','2017-10-27','02:11:22',5,41);
INSERT INTO CONTRACT (CONTRACT_ID,EVENT_ID,CLIENT_ID,LOCATION,SERVICE_DATE,SERVICE_TIME,PHOTOGRAPHER_ID,DEPOSIT) VALUES (3,3,3,'Ap #792-9908 Porttitor Road','2017-10-21','20:50:41',5,35);
INSERT INTO CONTRACT (CONTRACT_ID,EVENT_ID,CLIENT_ID,LOCATION,SERVICE_DATE,SERVICE_TIME,PHOTOGRAPHER_ID,DEPOSIT) VALUES (4,4,4,'9160 Et St.','2017-11-06','09:29:27',4,48);
INSERT INTO CONTRACT (CONTRACT_ID,EVENT_ID,CLIENT_ID,LOCATION,SERVICE_DATE,SERVICE_TIME,PHOTOGRAPHER_ID,DEPOSIT) VALUES (5,5,5,'5195 Phasellus Rd.','2017-11-14','09:52:50',5,29);
INSERT INTO CONTRACT (CONTRACT_ID,EVENT_ID,CLIENT_ID,LOCATION,SERVICE_DATE,SERVICE_TIME,PHOTOGRAPHER_ID,DEPOSIT) VALUES (6,6,6,'Ap #727-2875 Curabitur Road','2017-11-04','11:26:17',1,40);
INSERT INTO CONTRACT (CONTRACT_ID,EVENT_ID,CLIENT_ID,LOCATION,SERVICE_DATE,SERVICE_TIME,PHOTOGRAPHER_ID,DEPOSIT) VALUES (7,7,7,'6983 Aliquam Rd.','2017-11-04','17:36:06',1,26);
INSERT INTO CONTRACT (CONTRACT_ID,EVENT_ID,CLIENT_ID,LOCATION,SERVICE_DATE,SERVICE_TIME,PHOTOGRAPHER_ID,DEPOSIT) VALUES (8,8,8,'Ap #297-4827 Dis Rd.','2017-11-14','15:30:20',1,35);
INSERT INTO CONTRACT (CONTRACT_ID,EVENT_ID,CLIENT_ID,LOCATION,SERVICE_DATE,SERVICE_TIME,PHOTOGRAPHER_ID,DEPOSIT) VALUES (9,9,9,'P.O. Box 547, 5247 Ornare Av.','2017-11-12','23:49:21',2,42);
INSERT INTO CONTRACT (CONTRACT_ID,EVENT_ID,CLIENT_ID,LOCATION,SERVICE_DATE,SERVICE_TIME,PHOTOGRAPHER_ID,DEPOSIT) VALUES (10,10,10,'P.O. Box 650, 6857 Sit Ave','2017-10-25','22:05:00',3,30);
INSERT INTO CONTRACT (CONTRACT_ID,EVENT_ID,CLIENT_ID,LOCATION,SERVICE_DATE,SERVICE_TIME,PHOTOGRAPHER_ID,DEPOSIT) VALUES (11,11,11,'P.O. Box 872, 9794 Odio, Street','2017-11-10','15:28:17',3,49);
INSERT INTO CONTRACT (CONTRACT_ID,EVENT_ID,CLIENT_ID,LOCATION,SERVICE_DATE,SERVICE_TIME,PHOTOGRAPHER_ID,DEPOSIT) VALUES (12,12,12,'734-9657 Metus. Ave','2017-11-14','07:54:32',6,33);
INSERT INTO CONTRACT (CONTRACT_ID,EVENT_ID,CLIENT_ID,LOCATION,SERVICE_DATE,SERVICE_TIME,PHOTOGRAPHER_ID,DEPOSIT) VALUES (13,13,13,'7124 A Avenue','2017-11-01','18:00:22',2,47);
INSERT INTO CONTRACT (CONTRACT_ID,EVENT_ID,CLIENT_ID,LOCATION,SERVICE_DATE,SERVICE_TIME,PHOTOGRAPHER_ID,DEPOSIT) VALUES (14,14,14,'Ap #328-1816 Sed St.','2017-10-20','16:34:03',3,25);
INSERT INTO CONTRACT (CONTRACT_ID,EVENT_ID,CLIENT_ID,LOCATION,SERVICE_DATE,SERVICE_TIME,PHOTOGRAPHER_ID,DEPOSIT) VALUES (15,15,15,'Ap #481-2092 Nec, Road','2017-11-10','09:22:18',2,48);
INSERT INTO CONTRACT (CONTRACT_ID,EVENT_ID,CLIENT_ID,LOCATION,SERVICE_DATE,SERVICE_TIME,PHOTOGRAPHER_ID,DEPOSIT) VALUES (16,16,16,'931-921 Mattis Ave','2017-10-27','07:08:38',4,28);
INSERT INTO CONTRACT (CONTRACT_ID,EVENT_ID,CLIENT_ID,LOCATION,SERVICE_DATE,SERVICE_TIME,PHOTOGRAPHER_ID,DEPOSIT) VALUES (17,17,17,'P.O. Box 879, 1833 Felis Street','2017-11-05','10:46:54',2,27);
INSERT INTO CONTRACT (CONTRACT_ID,EVENT_ID,CLIENT_ID,LOCATION,SERVICE_DATE,SERVICE_TIME,PHOTOGRAPHER_ID,DEPOSIT) VALUES (18,18,18,'5272 Libero St.','2017-10-17','12:33:23',6,30);
INSERT INTO CONTRACT (CONTRACT_ID,EVENT_ID,CLIENT_ID,LOCATION,SERVICE_DATE,SERVICE_TIME,PHOTOGRAPHER_ID,DEPOSIT) VALUES (19,19,19,'Ap #196-5912 Cras St.','2017-11-11','05:53:28',3,40);
INSERT INTO CONTRACT (CONTRACT_ID,EVENT_ID,CLIENT_ID,LOCATION,SERVICE_DATE,SERVICE_TIME,PHOTOGRAPHER_ID,DEPOSIT) VALUES (20,20,20,'Ap #873-4135 Curabitur Rd.','2017-10-17','08:28:15',3,28);
INSERT INTO CONTRACT (CONTRACT_ID,EVENT_ID,CLIENT_ID,LOCATION,SERVICE_DATE,SERVICE_TIME,PHOTOGRAPHER_ID,DEPOSIT) VALUES (21,21,21,'P.O. Box 195, 4824 Eros St.','2017-10-27','01:02:43',6,29);
INSERT INTO CONTRACT (CONTRACT_ID,EVENT_ID,CLIENT_ID,LOCATION,SERVICE_DATE,SERVICE_TIME,PHOTOGRAPHER_ID,DEPOSIT) VALUES (22,22,22,'P.O. Box 763, 2315 A, Road','2017-11-06','07:49:33',6,47);
INSERT INTO CONTRACT (CONTRACT_ID,EVENT_ID,CLIENT_ID,LOCATION,SERVICE_DATE,SERVICE_TIME,PHOTOGRAPHER_ID,DEPOSIT) VALUES (23,23,23,'627-2436 Metus. Rd.','2017-10-25','08:52:07',6,50);
INSERT INTO CONTRACT (CONTRACT_ID,EVENT_ID,CLIENT_ID,LOCATION,SERVICE_DATE,SERVICE_TIME,PHOTOGRAPHER_ID,DEPOSIT) VALUES (24,24,24,'P.O. Box 475, 2636 Egestas Ave','2017-11-04','09:20:39',1,28);
INSERT INTO CONTRACT (CONTRACT_ID,EVENT_ID,CLIENT_ID,LOCATION,SERVICE_DATE,SERVICE_TIME,PHOTOGRAPHER_ID,DEPOSIT) VALUES (25,25,25,'2331 Vehicula. Rd.','2017-11-06','05:44:03',5,26);
INSERT INTO CONTRACT (CONTRACT_ID,EVENT_ID,CLIENT_ID,LOCATION,SERVICE_DATE,SERVICE_TIME,PHOTOGRAPHER_ID,DEPOSIT) VALUES (26,26,26,'Ap #160-4831 Mi, Street','2017-11-14','15:46:49',3,35);
INSERT INTO CONTRACT (CONTRACT_ID,EVENT_ID,CLIENT_ID,LOCATION,SERVICE_DATE,SERVICE_TIME,PHOTOGRAPHER_ID,DEPOSIT) VALUES (27,27,27,'7740 Sem. Street','2017-11-07','06:07:52',4,50);
INSERT INTO CONTRACT (CONTRACT_ID,EVENT_ID,CLIENT_ID,LOCATION,SERVICE_DATE,SERVICE_TIME,PHOTOGRAPHER_ID,DEPOSIT) VALUES (28,28,28,'Ap #787-6756 Donec Av.','2017-10-27','18:17:13',1,27);
INSERT INTO CONTRACT (CONTRACT_ID,EVENT_ID,CLIENT_ID,LOCATION,SERVICE_DATE,SERVICE_TIME,PHOTOGRAPHER_ID,DEPOSIT) VALUES (29,29,29,'9049 Vestibulum Av.','2017-10-26','06:22:57',6,30);
INSERT INTO CONTRACT (CONTRACT_ID,EVENT_ID,CLIENT_ID,LOCATION,SERVICE_DATE,SERVICE_TIME,PHOTOGRAPHER_ID,DEPOSIT) VALUES (30,30,30,'490-3075 Consectetuer St.','2017-10-23','00:20:48',5,40);
INSERT INTO CONTRACT (CONTRACT_ID,EVENT_ID,CLIENT_ID,LOCATION,SERVICE_DATE,SERVICE_TIME,PHOTOGRAPHER_ID,DEPOSIT) VALUES (31,31,31,'1042 Tortor Rd.','2017-10-28','07:54:15',5,33);
INSERT INTO CONTRACT (CONTRACT_ID,EVENT_ID,CLIENT_ID,LOCATION,SERVICE_DATE,SERVICE_TIME,PHOTOGRAPHER_ID,DEPOSIT) VALUES (32,32,32,'Ap #767-2868 Scelerisque Rd.','2017-10-20','02:52:12',6,50);
INSERT INTO CONTRACT (CONTRACT_ID,EVENT_ID,CLIENT_ID,LOCATION,SERVICE_DATE,SERVICE_TIME,PHOTOGRAPHER_ID,DEPOSIT) VALUES (33,33,33,'P.O. Box 496, 3941 Pharetra. Av.','2017-11-07','09:11:08',2,50);
INSERT INTO CONTRACT (CONTRACT_ID,EVENT_ID,CLIENT_ID,LOCATION,SERVICE_DATE,SERVICE_TIME,PHOTOGRAPHER_ID,DEPOSIT) VALUES (34,34,34,'5706 Aliquet Av.','2017-11-11','00:04:44',2,42);
INSERT INTO CONTRACT (CONTRACT_ID,EVENT_ID,CLIENT_ID,LOCATION,SERVICE_DATE,SERVICE_TIME,PHOTOGRAPHER_ID,DEPOSIT) VALUES (35,35,35,'Ap #114-130 Ac Avenue','2017-10-25','06:30:57',3,25);
INSERT INTO CONTRACT (CONTRACT_ID,EVENT_ID,CLIENT_ID,LOCATION,SERVICE_DATE,SERVICE_TIME,PHOTOGRAPHER_ID,DEPOSIT) VALUES (36,36,36,'148-7348 Cras Street','2017-11-03','11:50:14',3,31);
INSERT INTO CONTRACT (CONTRACT_ID,EVENT_ID,CLIENT_ID,LOCATION,SERVICE_DATE,SERVICE_TIME,PHOTOGRAPHER_ID,DEPOSIT) VALUES (37,37,37,'527-5858 Amet Avenue','2017-10-18','09:51:35',4,31);
INSERT INTO CONTRACT (CONTRACT_ID,EVENT_ID,CLIENT_ID,LOCATION,SERVICE_DATE,SERVICE_TIME,PHOTOGRAPHER_ID,DEPOSIT) VALUES (38,38,38,'P.O. Box 479, 6210 Mollis Ave','2017-11-13','17:16:22',6,38);
INSERT INTO CONTRACT (CONTRACT_ID,EVENT_ID,CLIENT_ID,LOCATION,SERVICE_DATE,SERVICE_TIME,PHOTOGRAPHER_ID,DEPOSIT) VALUES (39,39,39,'P.O. Box 355, 5685 Vestibulum. Avenue','2017-10-21','15:05:09',4,25);
INSERT INTO CONTRACT (CONTRACT_ID,EVENT_ID,CLIENT_ID,LOCATION,SERVICE_DATE,SERVICE_TIME,PHOTOGRAPHER_ID,DEPOSIT) VALUES (40,40,40,'P.O. Box 866, 2475 Magna. Ave','2017-11-08','06:16:09',2,29);
INSERT INTO CONTRACT (CONTRACT_ID,EVENT_ID,CLIENT_ID,LOCATION,SERVICE_DATE,SERVICE_TIME,PHOTOGRAPHER_ID,DEPOSIT) VALUES (41,41,41,'P.O. Box 398, 4365 Magna Avenue','2017-10-25','04:51:00',3,34);
INSERT INTO CONTRACT (CONTRACT_ID,EVENT_ID,CLIENT_ID,LOCATION,SERVICE_DATE,SERVICE_TIME,PHOTOGRAPHER_ID,DEPOSIT) VALUES (42,42,42,'P.O. Box 895, 7456 Pede St.','2017-11-06','23:20:42',4,41);
INSERT INTO CONTRACT (CONTRACT_ID,EVENT_ID,CLIENT_ID,LOCATION,SERVICE_DATE,SERVICE_TIME,PHOTOGRAPHER_ID,DEPOSIT) VALUES (43,43,43,'P.O. Box 297, 7776 Netus Rd.','2017-11-05','22:21:54',6,37);
INSERT INTO CONTRACT (CONTRACT_ID,EVENT_ID,CLIENT_ID,LOCATION,SERVICE_DATE,SERVICE_TIME,PHOTOGRAPHER_ID,DEPOSIT) VALUES (44,44,44,'P.O. Box 726, 3210 Posuere Rd.','2017-10-18','09:32:25',4,42);
INSERT INTO CONTRACT (CONTRACT_ID,EVENT_ID,CLIENT_ID,LOCATION,SERVICE_DATE,SERVICE_TIME,PHOTOGRAPHER_ID,DEPOSIT) VALUES (45,45,45,'5127 Primis St.','2017-11-11','14:12:35',6,46);
INSERT INTO CONTRACT (CONTRACT_ID,EVENT_ID,CLIENT_ID,LOCATION,SERVICE_DATE,SERVICE_TIME,PHOTOGRAPHER_ID,DEPOSIT) VALUES (46,46,46,'2091 Malesuada Av.','2017-10-22','04:05:10',3,44);
INSERT INTO CONTRACT (CONTRACT_ID,EVENT_ID,CLIENT_ID,LOCATION,SERVICE_DATE,SERVICE_TIME,PHOTOGRAPHER_ID,DEPOSIT) VALUES (47,47,47,'P.O. Box 530, 4851 Eu Av.','2017-11-14','09:04:22',1,38);
INSERT INTO CONTRACT (CONTRACT_ID,EVENT_ID,CLIENT_ID,LOCATION,SERVICE_DATE,SERVICE_TIME,PHOTOGRAPHER_ID,DEPOSIT) VALUES (48,48,48,'Ap #255-1819 Sem Ave','2017-11-02','21:06:31',5,25);
INSERT INTO CONTRACT (CONTRACT_ID,EVENT_ID,CLIENT_ID,LOCATION,SERVICE_DATE,SERVICE_TIME,PHOTOGRAPHER_ID,DEPOSIT) VALUES (49,49,49,'817-5553 Risus. Avenue','2017-10-25','20:08:51',1,25);
INSERT INTO CONTRACT (CONTRACT_ID,EVENT_ID,CLIENT_ID,LOCATION,SERVICE_DATE,SERVICE_TIME,PHOTOGRAPHER_ID,DEPOSIT) VALUES (50,50,50,'Ap #465-9615 Enim. Av.','2017-11-05','00:02:31',5,37);
INSERT INTO CONTRACT (CONTRACT_ID,EVENT_ID,CLIENT_ID,LOCATION,SERVICE_DATE,SERVICE_TIME,PHOTOGRAPHER_ID,DEPOSIT) VALUES (51,51,51,'7242 Ut Rd.','2017-10-25','04:37:10',4,47);
--Inserting data into Payment table
INSERT INTO PAYMENT (PAYMENT_ID,CLIENT_ID,ORDER_ID,RECEIVED_DATE,DUE_DATE,AMOUNT) VALUES (1,1,26,'Aug 29, 2017','Aug 16, 2017',228);
INSERT INTO PAYMENT (PAYMENT_ID,CLIENT_ID,ORDER_ID,RECEIVED_DATE,DUE_DATE,AMOUNT) VALUES (2,2,27,'Dec 20, 2017','Sep 8, 2016',113);
INSERT INTO PAYMENT (PAYMENT_ID,CLIENT_ID,ORDER_ID,RECEIVED_DATE,DUE_DATE,AMOUNT) VALUES (3,3,28,'Jul 11, 2017','Feb 28, 2017',136);
INSERT INTO PAYMENT (PAYMENT_ID,CLIENT_ID,ORDER_ID,RECEIVED_DATE,DUE_DATE,AMOUNT) VALUES (4,4,29,'Dec 29, 2017','Jan 22, 2017',132);
INSERT INTO PAYMENT (PAYMENT_ID,CLIENT_ID,ORDER_ID,RECEIVED_DATE,DUE_DATE,AMOUNT) VALUES (5,5,30,'Dec 3, 2017','Aug 13, 2017',137);
INSERT INTO PAYMENT (PAYMENT_ID,CLIENT_ID,ORDER_ID,RECEIVED_DATE,DUE_DATE,AMOUNT) VALUES (6,6,31,'Oct 28, 2017','Dec 4, 2017',174);
INSERT INTO PAYMENT (PAYMENT_ID,CLIENT_ID,ORDER_ID,RECEIVED_DATE,DUE_DATE,AMOUNT) VALUES (7,7,32,'Jan 19, 2018','Jun 30, 2018',241);
INSERT INTO PAYMENT (PAYMENT_ID,CLIENT_ID,ORDER_ID,RECEIVED_DATE,DUE_DATE,AMOUNT) VALUES (8,8,33,'Oct 22, 2017','Jun 12, 2017',218);
INSERT INTO PAYMENT (PAYMENT_ID,CLIENT_ID,ORDER_ID,RECEIVED_DATE,DUE_DATE,AMOUNT) VALUES (9,9,34,'Jun 14, 2017','Jul 27, 2016',292);
INSERT INTO PAYMENT (PAYMENT_ID,CLIENT_ID,ORDER_ID,RECEIVED_DATE,DUE_DATE,AMOUNT) VALUES (10,10,35,'Aug 23, 2017','Sep 13, 2016',175);
INSERT INTO PAYMENT (PAYMENT_ID,CLIENT_ID,ORDER_ID,RECEIVED_DATE,DUE_DATE,AMOUNT) VALUES (11,11,36,'Sep 6, 2016','Mar 11, 2017',162);
INSERT INTO PAYMENT (PAYMENT_ID,CLIENT_ID,ORDER_ID,RECEIVED_DATE,DUE_DATE,AMOUNT) VALUES (12,12,37,'Apr 28, 2017','Jul 28, 2016',158);
INSERT INTO PAYMENT (PAYMENT_ID,CLIENT_ID,ORDER_ID,RECEIVED_DATE,DUE_DATE,AMOUNT) VALUES (13,13,38,'Sep 29, 2017','Jan 1, 2018',101);
INSERT INTO PAYMENT (PAYMENT_ID,CLIENT_ID,ORDER_ID,RECEIVED_DATE,DUE_DATE,AMOUNT) VALUES (14,14,39,'Jul 4, 2018','Jun 10, 2018',154);
INSERT INTO PAYMENT (PAYMENT_ID,CLIENT_ID,ORDER_ID,RECEIVED_DATE,DUE_DATE,AMOUNT) VALUES (15,15,40,'May 7, 2017','Feb 12, 2017',217);
INSERT INTO PAYMENT (PAYMENT_ID,CLIENT_ID,ORDER_ID,RECEIVED_DATE,DUE_DATE,AMOUNT) VALUES (16,16,41,'May 17, 2017','Nov 19, 2016',284);
INSERT INTO PAYMENT (PAYMENT_ID,CLIENT_ID,ORDER_ID,RECEIVED_DATE,DUE_DATE,AMOUNT) VALUES (17,17,42,'Oct 30, 2016','Jul 5, 2018',168);
INSERT INTO PAYMENT (PAYMENT_ID,CLIENT_ID,ORDER_ID,RECEIVED_DATE,DUE_DATE,AMOUNT) VALUES (18,18,43,'Jan 10, 2018','Jan 22, 2018',181);
INSERT INTO PAYMENT (PAYMENT_ID,CLIENT_ID,ORDER_ID,RECEIVED_DATE,DUE_DATE,AMOUNT) VALUES (19,19,44,'Apr 20, 2018','Aug 18, 2017',184);
INSERT INTO PAYMENT (PAYMENT_ID,CLIENT_ID,ORDER_ID,RECEIVED_DATE,DUE_DATE,AMOUNT) VALUES (20,20,45,'Oct 4, 2017','Mar 11, 2017',139);
INSERT INTO PAYMENT (PAYMENT_ID,CLIENT_ID,ORDER_ID,RECEIVED_DATE,DUE_DATE,AMOUNT) VALUES (21,21,46,'Jul 3, 2017','Nov 29, 2016',142);
INSERT INTO PAYMENT (PAYMENT_ID,CLIENT_ID,ORDER_ID,RECEIVED_DATE,DUE_DATE,AMOUNT) VALUES (22,22,47,'Mar 13, 2017','Aug 5, 2016',195);
INSERT INTO PAYMENT (PAYMENT_ID,CLIENT_ID,ORDER_ID,RECEIVED_DATE,DUE_DATE,AMOUNT) VALUES (23,23,48,'Feb 3, 2017','Aug 14, 2017',175);
INSERT INTO PAYMENT (PAYMENT_ID,CLIENT_ID,ORDER_ID,RECEIVED_DATE,DUE_DATE,AMOUNT) VALUES (24,24,49,'Aug 21, 2016','Nov 9, 2016',281);
INSERT INTO PAYMENT (PAYMENT_ID,CLIENT_ID,ORDER_ID,RECEIVED_DATE,DUE_DATE,AMOUNT) VALUES (25,25,50,'Mar 6, 2018','Mar 5, 2017',136);
INSERT INTO PAYMENT (PAYMENT_ID,CLIENT_ID,ORDER_ID,RECEIVED_DATE,DUE_DATE,AMOUNT) VALUES (26,26,51,'Jul 1, 2018','May 11, 2017',281);
INSERT INTO PAYMENT (PAYMENT_ID,CLIENT_ID,ORDER_ID,RECEIVED_DATE,DUE_DATE,AMOUNT) VALUES (27,27,52,'Feb 14, 2017','Oct 17, 2017',187);
INSERT INTO PAYMENT (PAYMENT_ID,CLIENT_ID,ORDER_ID,RECEIVED_DATE,DUE_DATE,AMOUNT) VALUES (28,28,53,'Jan 13, 2017','Nov 3, 2017',223);
INSERT INTO PAYMENT (PAYMENT_ID,CLIENT_ID,ORDER_ID,RECEIVED_DATE,DUE_DATE,AMOUNT) VALUES (29,29,54,'Mar 18, 2017','Jun 25, 2017',172);
INSERT INTO PAYMENT (PAYMENT_ID,CLIENT_ID,ORDER_ID,RECEIVED_DATE,DUE_DATE,AMOUNT) VALUES (30,30,55,'Dec 1, 2016','Feb 8, 2018',170);
INSERT INTO PAYMENT (PAYMENT_ID,CLIENT_ID,ORDER_ID,RECEIVED_DATE,DUE_DATE,AMOUNT) VALUES (31,31,56,'Feb 17, 2017','Jun 28, 2017',290);
INSERT INTO PAYMENT (PAYMENT_ID,CLIENT_ID,ORDER_ID,RECEIVED_DATE,DUE_DATE,AMOUNT) VALUES (32,32,57,'Aug 4, 2016','Feb 6, 2018',242);
INSERT INTO PAYMENT (PAYMENT_ID,CLIENT_ID,ORDER_ID,RECEIVED_DATE,DUE_DATE,AMOUNT) VALUES (33,33,58,'Oct 10, 2017','Jan 20, 2017',227);
INSERT INTO PAYMENT (PAYMENT_ID,CLIENT_ID,ORDER_ID,RECEIVED_DATE,DUE_DATE,AMOUNT) VALUES (34,34,59,'Apr 1, 2018','Sep 23, 2017',138);
INSERT INTO PAYMENT (PAYMENT_ID,CLIENT_ID,ORDER_ID,RECEIVED_DATE,DUE_DATE,AMOUNT) VALUES (35,35,60,'Oct 3, 2016','Sep 17, 2017',273);
INSERT INTO PAYMENT (PAYMENT_ID,CLIENT_ID,ORDER_ID,RECEIVED_DATE,DUE_DATE,AMOUNT) VALUES (36,36,61,'Dec 6, 2016','Mar 8, 2018',222);
INSERT INTO PAYMENT (PAYMENT_ID,CLIENT_ID,ORDER_ID,RECEIVED_DATE,DUE_DATE,AMOUNT) VALUES (37,37,62,'Jun 19, 2018','Apr 29, 2018',164);
INSERT INTO PAYMENT (PAYMENT_ID,CLIENT_ID,ORDER_ID,RECEIVED_DATE,DUE_DATE,AMOUNT) VALUES (38,38,63,'May 20, 2018','Aug 5, 2017',257);
INSERT INTO PAYMENT (PAYMENT_ID,CLIENT_ID,ORDER_ID,RECEIVED_DATE,DUE_DATE,AMOUNT) VALUES (39,39,64,'Apr 3, 2017','Mar 8, 2018',240);
INSERT INTO PAYMENT (PAYMENT_ID,CLIENT_ID,ORDER_ID,RECEIVED_DATE,DUE_DATE,AMOUNT) VALUES (40,40,65,'May 10, 2017','Sep 3, 2017',226);
INSERT INTO PAYMENT (PAYMENT_ID,CLIENT_ID,ORDER_ID,RECEIVED_DATE,DUE_DATE,AMOUNT) VALUES (41,41,66,'Nov 4, 2017','Jun 12, 2018',181);
INSERT INTO PAYMENT (PAYMENT_ID,CLIENT_ID,ORDER_ID,RECEIVED_DATE,DUE_DATE,AMOUNT) VALUES (42,42,67,'Jul 14, 2016','Oct 12, 2016',160);
INSERT INTO PAYMENT (PAYMENT_ID,CLIENT_ID,ORDER_ID,RECEIVED_DATE,DUE_DATE,AMOUNT) VALUES (43,43,68,'Dec 12, 2016','Jun 7, 2017',115);
INSERT INTO PAYMENT (PAYMENT_ID,CLIENT_ID,ORDER_ID,RECEIVED_DATE,DUE_DATE,AMOUNT) VALUES (44,44,69,'Oct 3, 2016','Nov 1, 2016',293);
INSERT INTO PAYMENT (PAYMENT_ID,CLIENT_ID,ORDER_ID,RECEIVED_DATE,DUE_DATE,AMOUNT) VALUES (45,45,70,'Apr 9, 2017','Oct 4, 2016',288);
INSERT INTO PAYMENT (PAYMENT_ID,CLIENT_ID,ORDER_ID,RECEIVED_DATE,DUE_DATE,AMOUNT) VALUES (46,46,71,'Feb 10, 2017','Jul 20, 2017',196);
INSERT INTO PAYMENT (PAYMENT_ID,CLIENT_ID,ORDER_ID,RECEIVED_DATE,DUE_DATE,AMOUNT) VALUES (47,47,72,'Jun 15, 2018','Mar 7, 2017',209);
INSERT INTO PAYMENT (PAYMENT_ID,CLIENT_ID,ORDER_ID,RECEIVED_DATE,DUE_DATE,AMOUNT) VALUES (48,48,73,'Mar 11, 2018','Jun 4, 2018',124);
INSERT INTO PAYMENT (PAYMENT_ID,CLIENT_ID,ORDER_ID,RECEIVED_DATE,DUE_DATE,AMOUNT) VALUES (49,49,74,'May 16, 2017','Mar 8, 2017',226);
INSERT INTO PAYMENT (PAYMENT_ID,CLIENT_ID,ORDER_ID,RECEIVED_DATE,DUE_DATE,AMOUNT) VALUES (50,50,75,'Jun 25, 2017','Jan 10, 2018',176);
INSERT INTO PAYMENT (PAYMENT_ID,CLIENT_ID,ORDER_ID,RECEIVED_DATE,DUE_DATE,AMOUNT) VALUES (51,51,76,'Jul 3, 2017','Jun 4, 2017',283);